{"cameraMode":{"drawMode":0,"name":"Shaded","section":"Shading Mode"},"sceneLighting":true,"audioPlay":false,"sceneViewState":{"showFog":false,"showMaterialUpdate":false,"showSkybox":false,"showFlares":false,"showImageEffects":false,"showParticleSystems":false},"in2DMode":false,"pivot":{"x":3.8980448246002199,"y":3.117612361907959,"z":-1.7011494636535645},"rotation":{"x":-0.29332247376441958,"y":-0.08104341477155686,"z":0.02496391348540783,"w":-0.9522449374198914},"size":8.820873260498047,"orthographic":false}