{"cameraMode":{"drawMode":0,"name":"Shaded","section":"Shading Mode"},"sceneLighting":false,"audioPlay":false,"sceneViewState":{"showFog":false,"showMaterialUpdate":false,"showSkybox":false,"showFlares":false,"showImageEffects":false,"showParticleSystems":false},"in2DMode":false,"pivot":{"x":0.09288245439529419,"y":0.7987897396087647,"z":0.06606864929199219},"rotation":{"x":-0.25128576159477236,"y":-0.09650406986474991,"z":0.025188010185956956,"w":-0.9627604484558106},"size":2.7758896350860597,"orthographic":false}