{"cameraMode":{"drawMode":0,"name":"Shaded","section":"Shading Mode"},"sceneLighting":false,"audioPlay":false,"sceneViewState":{"showFog":false,"showMaterialUpdate":false,"showSkybox":false,"showFlares":false,"showImageEffects":false,"showParticleSystems":false},"in2DMode":false,"pivot":{"x":0.7053405046463013,"y":0.7328921556472778,"z":0.4762752056121826},"rotation":{"x":-0.06353756040334702,"y":0.9227808713912964,"z":-0.33821165561676028,"w":-0.1733567863702774},"size":2.7295267581939699,"orthographic":false}